"Follow Us","Follow Us"
"About Us","About Us"
"Assistance","Assistance"
"Our Designers","Our Designers"
"S&S Diamond","S&S Diamond"
"Care & Repair","Care & Repair"
"Return & Exchangers","Return & Exchangers"
"Shipping","Shipping"
"Lifetime Warranty","Lifetime Warranty"
"FAQ","FAQ"
"Information","Information"
"Services","Services"
"Legal","Legal"
"Concierge Services","Concierge Services"
"Privacy Policy","Privacy Policy"
"CONTACT US","CONTACT US"
"Visit Us","Visit Us"
"Instant Chat","Instant Chat"
"Email Us","Email Us"
"Video Call","Video Call"