"News &amp; special offers", "News &amp; special offers"
"Live chat", "Live chat"
"Email sign up", "Email sign up"
"Shoping cart", "Shoping cart"
"sign-out, "sign-out"
"sign-in", "sign-in"
"Other favorites you might like.", "Other favorites you might like."
"We pick only the pieces we would wear ourselves. We pick only the pieces we would wear ourselves lorem ipsum dolor.", "We pick only the pieces we would wear ourselves. We pick only the pieces we would wear ourselves lorem ipsum dolor."
"View in Person", "View in Person"
"...more +","...more +"
"Sold Out","Sold Out"
"Enter information here","Enter information here"
"Customized items cannot be returned or exchanged","Customized items cannot be returned or exchanged"
"1. choose shape","1. choose shape"
"1. choose color","1. choose color"
"Metal color","Metal color"
"Stone color","Stone color"
"1. choose size","1. choose size"
"There is no product mapping with filter.","There is no product mapping with filter."
"Please specify the quantity of product(s).","Please specify the quantity of product(s)."
"Buy this ear","Buy this ear"
"No options of this product are available.","No options of this product are available."
"Get the Complete Look for","Get the Complete Look for"
"Ascending","Ascending"
"Descending","Descending"
"A-Z","A-Z"
"Z-A","Z-A"
"Low to High","Low to High"
"High to Low","High to Low"
